hgvs_pro,VCEP classification,Met codes
p.Gly324Ser,Benign,"PP1, PP3, BS2, BP2, BA1"
p.Asp342Asn,Benign,"BP4, BA1"
p.Cys352=,Benign,"BP7, BP4, BA1"
p.Ala391Thr,Benign,"BS2, BP4, BP2, BA1"
p.Thr726Ile,Benign,"BP4, BA1"
p.Leu16=,Likely Benign,"PM2, PP4, BP7, BP4"
p.Ala166=,Likely Benign,"BS1, BP7, BP4"
p.Asn169=,Likely Benign,"BP7, BP4"
p.Tyr188=,Likely Benign,"BP7, BP4"
p.Asn230=,Likely Benign,"PM2, BP7, BP4"
p.Gly269Asp,Likely Benign,"PP1_Moderate, BS2, BP2"
p.Thr389=,Likely Benign,"BP7, BP4"
p.Val395=,Likely Benign,"PM2, BP7, BP4"
p.Ile398=,Likely Benign,"BS1, BP7, BP4"
p.Arg427=,Likely Benign,"PM2, PP4, BP7, BP4, BP2"
p.Gly461=,Likely Benign,"PM2, BP7, BP4"
p.Asn625=,Likely Benign,"PP1, BP7, BP4, BP2"
p.Arg751Trp,Likely Benign,"PM2, BS2, BP4"
p.Cys89Arg,Likely Pathogenic,"PM2, PS4_Supporting, PM1, PP1, PP3, PP4, PM3"
p.Asp90Ala,Likely Pathogenic,"PM2, PM5_Strong, PP3, PP4"
p.Asp90Tyr,Likely Pathogenic,"PM2, PM5_Strong, PP3, PP4"
p.Cys95Gly,Likely Pathogenic,"PM2, PS4_Supporting, PM1, PP3, PP4"
p.Cys95Tyr,Likely Pathogenic,"PM2, PM1, PP3, PP4"
p.Asp100Asn,Likely Pathogenic,"PM2, PS4_Supporting, PP1, PP3, PP4, PM3"
p.Asp100Gly,Likely Pathogenic,"PM2, PS4_Supporting, PP1, PP3, PP4"
p.Cys104Phe,Likely Pathogenic,"PM2, PM1, PP3, PP4"
p.Arg115Cys,Likely Pathogenic,"PM2, PM1, PP3, PP4"
p.Asp118Tyr,Likely Pathogenic,"PM2, PS4_Moderate, PM1, PP1, PP4"
p.Asp170Glu,Likely Pathogenic,"PM2, PS4_Supporting, PM1, PP4"
p.Cys184Ser,Likely Pathogenic,"PM2, PM1, PP3, PP4"
p.Cys197Phe,Likely Pathogenic,"PM2, PP1_Moderate, PM1, PP3, PP4"
p.Cys222Arg,Likely Pathogenic,"PM2, PS4_Supporting, PM1, PP3, PP4, PM3"
p.Cys231Trp,Likely Pathogenic,"PM2, PS4_Supporting, PM1, PP3, PP4"
p.Cys243Arg,Likely Pathogenic,"PM2, PS4_Supporting, PM1, PP3, PP4"
p.Asp266Gly,Likely Pathogenic,"PM2, PS4_Supporting, PM5_Strong, PP3, PP4"
p.Asp266Val,Likely Pathogenic,"PM2, PM5_Strong, PP3"
p.Cys276Arg,Likely Pathogenic,"PM2, PS4_Supporting, PM1, PP3, PP4"
p.Ser286Arg,Likely Pathogenic,"PM2, PS4_Supporting, PP1, PP3, PP4"
p.Cys289Arg,Likely Pathogenic,"PM2, PS4_Supporting, PM1, PP3, PP4"
p.Cys302Tyr,Likely Pathogenic,"PM2, PS4_Supporting, PM1, PP3, PP4"
p.Asp304Glu,Likely Pathogenic,"PM2, PS4_Supporting, PP3, PP4, PM5"
p.Asp304Tyr,Likely Pathogenic,"PM2, PM5_Strong, PP3, PP4"
p.Asp307Asn,Likely Pathogenic,"PM2, PP1_Moderate, PS4_Moderate, PP3, PP4"
p.Asp307Gly,Likely Pathogenic,"PM2, PS4_Supporting, PP3, PP4, PM3"
p.Cys313Arg,Likely Pathogenic,"PM2, PS4_Supporting, PM1, PP3, PP4"
p.Gly323Cys,Likely Pathogenic,"PM2, PS4_Supporting, PP1, PP3, PP4"
p.Ser326Phe,Likely Pathogenic,"PM2, PP3, PP4, PM5"
p.Gly343Val,Likely Pathogenic,"PM2, PM5_Strong, PP3"
p.Gly343Asp,Likely Pathogenic,"PM2, PM5_Strong, PP3, PP4"
p.Cys352Tyr,Likely Pathogenic,"PM2, PS4_Supporting, PM1, PP3, PP4"
p.Asp356Val,Likely Pathogenic,"PM2, PS4_Supporting, PP3, PP4, PM5"
p.Asp356Ala,Likely Pathogenic,"PM2, PP1, PP3, PP4, PM5"
p.Glu357Lys,Likely Pathogenic,"PM2, PS4_Moderate, PP3, PP4, PM3"
p.Cys364Arg,Likely Pathogenic,"PM2, PS4_Supporting, PP1_Moderate, PM1, PP3, PP4, PM3"
p.Gln378Pro,Likely Pathogenic,"PM2, PP1_Moderate, PS4_Moderate, PP3, PP4, PM3"
p.Cys392Tyr,Likely Pathogenic,"PM2, PS4_Supporting, PM1, PP1, PP3, PP4"
p.Gly396Ser,Likely Pathogenic,"PM2, PS4_Supporting, PP1_Moderate, PP3, PP4, PM3"
p.Thr404Ile,Likely Pathogenic,"PM2, PS4_Supporting, PP3, PP4, PM3"
p.Arg406Pro,Likely Pathogenic,"PM2, PS4_Supporting, PP1, PP3, PP4, PM5"
p.Arg406Gln,Likely Pathogenic,"PM2, PS4_Supporting, PP3, PP4, PM5"
p.Glu408Val,Likely Pathogenic,"PM2, PP1_Moderate, PS4_Moderate, PP3, PP4"
p.Thr413Met,Likely Pathogenic,"PM2, PS4_Moderate, PP1, PP4"
p.Asp415Gly,Likely Pathogenic,"PM2, PS4_Supporting, PP1_Moderate, PP4"
p.Asp415His,Likely Pathogenic,"PM2, PP3, PP4, PM3"
p.Leu426Pro,Likely Pathogenic,"PM2, PP1_Moderate, PS4_Moderate, PP3, PP4, PM3"
p.Leu426Arg,Likely Pathogenic,"PM2, PS4_Supporting, PP1, PP3, PP4"
p.Ala431Pro,Likely Pathogenic,"PM2, PP3, PP4, PM3, PM5"
p.Thr434Lys,Likely Pathogenic,"PM2, PS4_Supporting, PP4, PM5"
p.Trp443Cys,Likely Pathogenic,"PM2, PS4_Supporting, PS1, PP3, PP4"
p.Trp443Arg,Likely Pathogenic,"PM2, PS4_Supporting, PP3, PP4, PM3, PM5"
p.Trp443Ser,Likely Pathogenic,"PM2, PS4_Moderate, PP3, PP4, PM5"
p.Gly461Cys,Likely Pathogenic,"PM2, PP1_Strong, PS4_Supporting, PP4"
p.Gly478Glu,Likely Pathogenic,"PM2, PP3, PP4, PM5"
p.Leu479Gln,Likely Pathogenic,"PM2, PS4_Supporting, PP1_Moderate, PP3, PP4, PM3"
p.Asp482Gly,Likely Pathogenic,"PM2, PP3, PP4, PM5"
p.Ile488Asn,Likely Pathogenic,"PM2, PS4_Supporting, PP1, PP3, PP4"
p.Asp492His,Likely Pathogenic,"PM2, PP3, PP4, PM5"
p.Asp492Gly,Likely Pathogenic,"PM2, PS4_Supporting, PP3, PP4, PM5"
p.Ser499Pro,Likely Pathogenic,"PM2, PP1_Moderate, PS4_Moderate, PP3, PP4"
p.Val523Leu,Likely Pathogenic,"PM2, PP1_Strong, PP3, PM5"
p.Ala540Ser,Likely Pathogenic,"PM2, PP3, PP4, PM5"
p.Arg574His,Likely Pathogenic,"PM2, PP1_Strong, PP3, PP4"
p.His583Arg,Likely Pathogenic,"PM2, PP3, PP4, PM5"
p.Arg595Leu,Likely Pathogenic,"PM2, PM5_Strong, PP3"
p.Leu599Ser,Likely Pathogenic,"PM2, PS4_Moderate, PP3, PP4"
p.Phe619Ser,Likely Pathogenic,"PM2, PS4_Moderate, PP3, PP4"
p.Phe619Cys,Likely Pathogenic,"PM2, PS4_Supporting, PP1, PP3, PP4"
p.Arg633Leu,Likely Pathogenic,"PM2, PP3, PP4, PM5"
p.Val639Gly,Likely Pathogenic,"PM2, PP1_Strong, PP4, PM5"
p.Asp651Asn,Likely Pathogenic,"PM2, PS4_Moderate, PP1, PP4"
p.Met652Thr,Likely Pathogenic,"PM2, PP1_Strong, PS4_Supporting, PP4"
p.Phe655Leu,Likely Pathogenic,"PM2, PP1_Strong, PS4_Supporting, PP4"
p.Gly675Ser,Likely Pathogenic,"PM2, PP1_Strong, PS4_Supporting, PP3, PP4"
p.Cys681Gly,Likely Pathogenic,"PM2, PM1, PP3, PP4"
p.Ala697Pro,Likely Pathogenic,"PM2, PS4_Supporting, PP1, PP3, PP4"
p.Asn825Asp,Likely Pathogenic,"PM2, PS4_Supporting, PP3, PP4, PM5"
p.Asn825Lys,Likely Pathogenic,"PM2, PS4_Supporting, PS1, PP3, PP4"
p.Gly844Asp,Likely Pathogenic,"PM2, PS4, PP3, PP4"
p.Ser849Ter,Likely Pathogenic,"PM2, PVS1_Moderate, PS4_Supporting, PP4"
p.Asp90Gly,Pathogenic,"PM2, PP1_Moderate, PS4, PP3, PP4, PM3, PM5"
p.Asp90Glu,Pathogenic,"PM2, PP1_Strong, PS4_Supporting, PP3, PP4, PM5"
p.Glu113Lys,Pathogenic,"PM2, PP1_Strong, PS4_Moderate, PM1, PP4, PM3"
p.Glu140Lys,Pathogenic,"PM2, PP1_Strong, PS4_Supporting, PM1, PP3, PP4"
p.Trp214Ter,Pathogenic,"PM2, PVS1, PP4"
p.Glu240Lys,Pathogenic,"PM2, PS4, PP3, PP4, PM3"
p.Glu240Ter,Pathogenic,"PM2, PVS1, PP4"
p.Gln254Ter,Pathogenic,"PM2, PVS1, PP4, PM3"
p.Asp266Tyr,Pathogenic,"PM2, PP1_Moderate, PM5_Strong, PP3, PP4"
p.Cys276Ter,Pathogenic,"PM2, PVS1, PS4, PP1, PP4, PM3"
p.Gly287Cys,Pathogenic,"PM2, PP1_Strong, PS4, PP3, PP4"
p.Gly343Cys,Pathogenic,"PM2, PP1_Strong, PP3, PP4, PM3, PM5"
p.Gln349Ter,Pathogenic,"PM2, PVS1, PS4_Supporting, PP1_Moderate, PP4, PM3"
p.Arg350Ter,Pathogenic,"PM2, PVS1, PP1_Strong, PS4, PP4"
p.Cys392Ter,Pathogenic,"PM2, PVS1, PP1_Strong, PS4_Moderate, PP4, PM3"
p.Val429Leu,Pathogenic,"PM2, PS1, PP3, PP4, PM5"
p.Thr434Arg,Pathogenic,"PM2, PP1_Strong, PS4, PP4, PM3"
p.Gly478Arg,Pathogenic,"PM2, PP1_Strong, PS4, PP3, PP4"
p.Asp482Asn,Pathogenic,"PM2, PP1_Strong, PS4, PP3, PP4"
p.Trp533Ter,Pathogenic,"PM2, PVS1, PS4_Supporting, PP4"
p.Arg595Trp,Pathogenic,"PM2, PP1_Strong, PS4, PP3, PP4"
p.Arg633His,Pathogenic,"PM2, PS4, PP3, PP4, PM3"
p.Val639Asp,Pathogenic,"PM2, PS4, PP1, PP4, PM3"
p.Cys681Trp,Pathogenic,"PM2, PP1_Strong, PM1, PP3, PP4"
p.Gln739Ter,Pathogenic,"PM2, PVS1, PP4"